{
	"info": {
		"_postman_id": "24d4bfe0-147f-4eee-8457-eae12d52ce93",
		"name": "serverless",
		"schema": "https://schema.getpostman.com/json/collection/v2.1.0/collection.json",
		"_exporter_id": "23231253"
	},
	"item": [
		{
			"name": "getTasks",
			"request": {
				"method": "GET",
				"header": [],
				"url": {
					"raw": "http://localhost:3000/dev/tasks",
                    "protocol": "http",
					"host": ["localhost"],
                    "port": 3000,
					"path": [
						"dev",
						"tasks"
					]
				}
			},
			"response": []
        },
        {
			"name": "createTask",
			"request": {
				"method": "POST",
				"header": [],
				"body": {
					"mode": "raw",
					"raw": "{\n\"id\": 1,\n\"title\": \"My First task\",\n\"desc\": \"I am enjoying my first task\"\n}",
					"options": {
						"raw": {
							"language": "json"
						}
					}
				},
				"url": {
					"raw": "http://localhost:3000/dev/tasks",
					"protocol": "http",
					"host": ["localhost"],
                    "port": 3000,
					"path": [
						"dev",
						"tasks"
					]
					
						
					
				}
			},
			"response": []
		},
		{
			"name": "updateTask",
			"request": {
				"method": "PUT",
				"header": [
				],
				"body": {
					"mode": "raw",
					"raw": "{\n\"id\": 1,\n\"title\": \"My First task\",\n\"desc\": \"I am enjoying my task\"\n}",
					"options": {
						"raw": {
							"language": "json"
						}
					}
				},
				"url": {
					"raw": "http://localhost:3000/dev/tasks/1",
					"protocol": "http",
					"host": ["localhost"],
                    "port": 3000,
					"path": [
						"dev",
						"tasks",
						"1"
					]
				}
			},
			"response": []
		}
	]
}
	

    
